{
"lengthUnit": "mil",
"components": {
	"fields": ["COMPONENT_NO", "COMPONENT_NAME", "LAYER", "X_COORDINATE", "Y_COORDINATE", "ANGLE"],
	"rows": [
		[1, "U1", "T", 1100, -1470, 0],
		[2, "U2", "T", 390, -900, 0],
		[3, "U3", "T", 2420, -1010, 90],
		[4, "PAD1", "T", 250, -1090, 0],
		[5, "PAD1", "B", 250, -1090, 0],
		[6, "PAD2", "T", 353.35, -1088.5, 0],
		[7, "PAD2", "B", 353.35, -1088.5, 0],
		[8, "PAD3", "T", 1853.34, -1851.49, 0],
		[9, "PAD3", "B", 1853.34, -1851.49, 0],
		[10, "PAD4", "T", 153.35, -1851.49, 0],
		[11, "PAD4", "B", 153.35, -1851.49, 0],
		[12, "PAD5", "T", 253.35, -1851.49, 0],
		[13, "PAD5", "B", 253.35, -1851.49, 0],
		[14, "PAD6", "T", 653.35, -1851.49, 0],
		[15, "PAD6", "B", 653.35, -1851.49, 0],
		[16, "PAD7", "T", 753.35, -1851.49, 0],
		[17, "PAD7", "B", 753.35, -1851.49, 0],
		[18, "PAD8", "T", 275, -85, 0],
		[19, "PAD8", "B", 275, -85, 0],
		[20, "PAD9", "T", 105, -205, 0],
		[21, "PAD9", "B", 105, -205, 0],
		[22, "PAD10", "T", 285, -315, 0],
		[23, "PAD10", "B", 285, -315, 0],
		[24, "PAD11", "T", 95, -430, 0],
		[25, "PAD11", "B", 95, -430, 0],
		[26, "PAD12", "T", 280, -815, 0],
		[27, "PAD12", "B", 280, -815, 0],
		[28, "PAD13", "T", 285, -540, 0],
		[29, "PAD13", "B", 285, -540, 0],
		[30, "PAD14", "T", 105, -675, 0],
		[31, "PAD14", "B", 105, -675, 0],
		[32, "PAD15", "T", 2053.34, -1088.5, 0],
		[33, "PAD15", "B", 2053.34, -1088.5, 0],
		[34, "PAD16", "T", 353.35, -1851.49, 0],
		[35, "PAD16", "B", 353.35, -1851.49, 0]
	]
},
"pins": {
	"fields": ["PIN_NO", "PIN_NAME", "PIN_X", "PIN_Y", "LAYER", "PIN_TYPE", "NET_NAME", "NET_TYPE", "PAD_SHAPE", "PAD_SIZEX", "PAD_SIZEY", "HOLE_SIZE", "PAD_ANGLE"],
	"rows": [
		[1, "U1_1", 153.35, -1851.49, "T", "SMD", "NET1", "", "R", 62.99, 125.98, 0, 0],
		[2, "U1_2", 253.35, -1851.49, "T", "SMD", "NET2", "", "R", 62.99, 125.98, 0, 0],
		[3, "U1_3", 353.35, -1851.49, "T", "SMD", "U1_3", "", "R", 62.99, 125.98, 0, 0],
		[4, "U1_4", 453.35, -1851.49, "T", "SMD", "U1_4", "", "R", 62.99, 125.98, 0, 0],
		[5, "U1_5", 553.35, -1851.49, "T", "SMD", "U1_5", "", "R", 62.99, 125.98, 0, 0],
		[6, "U1_6", 653.35, -1851.49, "T", "SMD", "$1N823", "", "R", 62.99, 125.98, 0, 0],
		[7, "U1_7", 753.35, -1851.49, "T", "SMD", "$1N845", "", "R", 62.99, 125.98, 0, 0],
		[8, "U1_8", 853.34, -1851.49, "T", "SMD", "U1_8", "", "R", 62.99, 125.98, 0, 0],
		[9, "U1_9", 953.35, -1851.49, "T", "SMD", "U1_9", "", "R", 62.99, 125.98, 0, 0],
		[10, "U1_10", 1053.35, -1851.49, "T", "SMD", "U1_10", "", "R", 62.99, 125.98, 0, 0],
		[11, "U1_11", 1153.35, -1851.49, "T", "SMD", "U1_11", "", "R", 62.99, 125.98, 0, 0],
		[12, "U1_12", 1253.35, -1851.49, "T", "SMD", "U1_12", "", "R", 62.99, 125.98, 0, 0],
		[13, "U1_13", 1353.34, -1851.49, "T", "SMD", "U1_13", "", "R", 62.99, 125.98, 0, 0],
		[14, "U1_14", 1453.34, -1851.49, "T", "SMD", "U1_14", "", "R", 62.99, 125.98, 0, 0],
		[15, "U1_15", 1553.34, -1851.49, "T", "SMD", "U1_15", "", "R", 62.99, 125.98, 0, 0],
		[16, "U1_16", 1653.34, -1851.49, "T", "SMD", "U1_16", "", "R", 62.99, 125.98, 0, 0],
		[17, "U1_17", 1753.34, -1851.49, "T", "SMD", "U1_17", "", "R", 62.99, 125.98, 0, 0],
		[18, "U1_18", 1853.34, -1851.49, "T", "SMD", "GND", "GND", "R", 62.99, 125.98, 0, 0],
		[19, "U1_19", 1953.34, -1851.49, "T", "SMD", "U1_19", "", "R", 62.99, 125.98, 0, 0],
		[20, "U1_20", 2053.34, -1851.49, "T", "SMD", "U1_20", "", "R", 62.99, 125.98, 0, 0],
		[21, "U1_21", 2053.34, -1088.5, "T", "SMD", "U1_21", "", "R", 62.99, 125.98, 0, 0],
		[22, "U1_22", 1953.34, -1088.5, "T", "SMD", "U1_22", "", "R", 62.99, 125.98, 0, 0],
		[23, "U1_23", 1853.34, -1088.5, "T", "SMD", "U1_23", "", "R", 62.99, 125.98, 0, 0],
		[24, "U1_24", 1753.34, -1088.5, "T", "SMD", "U1_24", "", "R", 62.99, 125.98, 0, 0],
		[25, "U1_25", 1653.34, -1088.5, "T", "SMD", "U1_25", "", "R", 62.99, 125.98, 0, 0],
		[26, "U1_26", 1553.34, -1088.5, "T", "SMD", "U1_26", "", "R", 62.99, 125.98, 0, 0],
		[27, "U1_27", 1453.34, -1088.5, "T", "SMD", "U1_27", "", "R", 62.99, 125.98, 0, 0],
		[28, "U1_28", 1353.34, -1088.5, "T", "SMD", "U1_28", "", "R", 62.99, 125.98, 0, 0],
		[29, "U1_29", 1253.35, -1088.5, "T", "SMD", "U1_29", "", "R", 62.99, 125.98, 0, 0],
		[30, "U1_30", 1153.35, -1088.5, "T", "SMD", "U1_30", "", "R", 62.99, 125.98, 0, 0],
		[31, "U1_31", 1053.35, -1088.5, "T", "SMD", "U1_31", "", "R", 62.99, 125.98, 0, 0],
		[32, "U1_32", 953.35, -1088.5, "T", "SMD", "U1_32", "", "R", 62.99, 125.98, 0, 0],
		[33, "U1_33", 853.34, -1088.5, "T", "SMD", "U1_33", "", "R", 62.99, 125.98, 0, 0],
		[34, "U1_34", 753.35, -1088.5, "T", "SMD", "U1_34", "", "R", 62.99, 125.98, 0, 0],
		[35, "U1_35", 653.35, -1088.5, "T", "SMD", "U1_35", "", "R", 62.99, 125.98, 0, 0],
		[36, "U1_36", 553.35, -1088.5, "T", "SMD", "U1_36", "", "R", 62.99, 125.98, 0, 0],
		[37, "U1_37", 453.35, -1088.5, "T", "SMD", "U1_37", "", "R", 62.99, 125.98, 0, 0],
		[38, "U1_38", 353.35, -1088.5, "T", "SMD", "$1N587", "", "R", 62.99, 125.98, 0, 0],
		[39, "U1_39", 253.35, -1088.5, "T", "SMD", "+5V", "", "R", 62.99, 125.98, 0, 0],
		[40, "U1_40", 153.35, -1088.5, "T", "SMD", "U1_40", "", "R", 62.99, 125.98, 0, 0],
		[41, "U1_TP1", 276.57, -1470, "T", "SMD", "U1_TP1", "", "R", 59.05, 59.05, 0, 0],
		[42, "U1_TP2", 146.65, -1430.63, "T", "SMD", "U1_TP2", "", "R", 59.05, 59.05, 0, 0],
		[43, "U1_TP3", 146.65, -1509.37, "T", "SMD", "U1_TP3", "", "R", 59.05, 59.05, 0, 0],
		[44, "U1_TP4", 473.42, -1568.41, "T", "SMD", "U1_TP4", "", "R", 59.05, 59.05, 0, 0],
		[45, "U1_TP5", 571.85, -1568.41, "T", "SMD", "U1_TP5", "", "R", 59.05, 59.05, 0, 0],
		[46, "U1_TP6", 670.28, -1568.41, "T", "SMD", "U1_TP6", "", "R", 59.05, 59.05, 0, 0],
		[47, "U2_1", 445.12, -128.35, "T", "DIP", "VCC", "", "R", 110.24, 110.24, 36, 180],
		[48, "U2_1", 445.12, -128.35, "B", "DIP", "VCC", "", "R", 110.24, 110.24, 36, 180],
		[49, "U2_2", 445.12, -844.88, "T", "DIP", "GND", "GND", "R", 110.24, 110.24, 36, 180],
		[50, "U2_2", 445.12, -844.88, "B", "DIP", "GND", "GND", "R", 110.24, 110.24, 36, 180],
		[51, "U2_3", 2031.73, -128.35, "T", "DIP", "+5V", "", "R", 110.24, 110.24, 36, 180],
		[52, "U2_3", 2031.73, -128.35, "B", "DIP", "+5V", "", "R", 110.24, 110.24, 36, 180],
		[53, "U2_4", 2031.73, -844.88, "T", "DIP", "$1N587", "", "R", 110.24, 110.24, 36, 180],
		[54, "U2_4", 2031.73, -844.88, "B", "DIP", "$1N587", "", "R", 110.24, 110.24, 36, 180],
		[55, "U3_1", 2332.5, -372.5, "T", "DIP", "NET3", "", "C", 60, 60, 36, 90],
		[56, "U3_1", 2332.5, -372.5, "B", "DIP", "NET3", "", "C", 60, 60, 36, 90],
		[57, "U3_2", 2432.5, -372.5, "T", "DIP", "NET4", "", "C", 60, 60, 36, 90],
		[58, "U3_2", 2432.5, -372.5, "B", "DIP", "NET4", "", "C", 60, 60, 36, 90],
		[59, "U3_3", 2532.5, -372.5, "T", "DIP", "NET5", "", "C", 60, 60, 36, 90],
		[60, "U3_3", 2532.5, -372.5, "B", "DIP", "NET5", "", "C", 60, 60, 36, 90],
		[61, "U3_4", 2387.5, -1647.5, "T", "DIP", "GND", "GND", "C", 60, 60, 36, 90],
		[62, "U3_4", 2387.5, -1647.5, "B", "DIP", "GND", "GND", "C", 60, 60, 36, 90],
		[63, "U3_5", 2487.5, -1647.5, "T", "DIP", "$1N845", "", "C", 60, 60, 36, 90],
		[64, "U3_5", 2487.5, -1647.5, "B", "DIP", "$1N845", "", "C", 60, 60, 36, 90],
		[65, "U3_6", 2587.5, -1647.5, "T", "DIP", "$1N823", "", "C", 60, 60, 36, 90],
		[66, "U3_6", 2587.5, -1647.5, "B", "DIP", "$1N823", "", "C", 60, 60, 36, 90],
		[67, "U3_7", 2287.5, -1647.5, "T", "DIP", "+5V", "", "C", 60, 60, 36, 90],
		[68, "U3_7", 2287.5, -1647.5, "B", "DIP", "+5V", "", "C", 60, 60, 36, 90],
		[69, "U3_9", 2362.5, -1767.5, "T", "DIP", "U3_9", "", "O", 88.58, 60, 36, 90],
		[70, "U3_9", 2362.5, -1767.5, "B", "DIP", "U3_9", "", "O", 88.58, 60, 36, 90],
		[71, "U3_10", 2302.5, -252.5, "T", "DIP", "U3_10", "", "O", 88.58, 60, 36, 90],
		[72, "U3_10", 2302.5, -252.5, "B", "DIP", "U3_10", "", "O", 88.58, 60, 36, 90],
		[73, "U3_11", 2437.5, -252.5, "T", "DIP", "U3_11", "", "O", 88.58, 60, 36, 90],
		[74, "U3_11", 2437.5, -252.5, "B", "DIP", "U3_11", "", "O", 88.58, 60, 36, 90],
		[75, "U3_12", 2577.5, -252.5, "T", "DIP", "U3_12", "", "O", 88.58, 60, 36, 90],
		[76, "U3_12", 2577.5, -252.5, "B", "DIP", "U3_12", "", "O", 88.58, 60, 36, 90],
		[77, "U3_13", 2227.5, -1767.5, "T", "DIP", "U3_13", "", "O", 88.58, 60, 36, 90],
		[78, "U3_13", 2227.5, -1767.5, "B", "DIP", "U3_13", "", "O", 88.58, 60, 36, 90],
		[79, "U3_14", 2507.5, -1767.5, "T", "DIP", "U3_14", "", "O", 88.58, 60, 36, 90],
		[80, "U3_14", 2507.5, -1767.5, "B", "DIP", "U3_14", "", "O", 88.58, 60, 36, 90],
		[81, "U3_15", 2197.5, -1062.5, "T", "DIP", "U3_15", "", "C", 60, 60, 36, 180],
		[82, "U3_15", 2197.5, -1062.5, "B", "DIP", "U3_15", "", "C", 60, 60, 36, 180],
		[83, "U3_16", 2197.5, -962.5, "T", "DIP", "U3_16", "", "C", 60, 60, 36, 180],
		[84, "U3_16", 2197.5, -962.5, "B", "DIP", "U3_16", "", "C", 60, 60, 36, 180],
		[85, "U3_17", 2197.5, -862.5, "T", "DIP", "U3_17", "", "C", 60, 60, 36, 180],
		[86, "U3_17", 2197.5, -862.5, "B", "DIP", "U3_17", "", "C", 60, 60, 36, 180],
		[87, "U3_18", 2642.5, -1767.5, "T", "DIP", "U3_18", "", "O", 88.58, 60, 36, 90],
		[88, "U3_18", 2642.5, -1767.5, "B", "DIP", "U3_18", "", "O", 88.58, 60, 36, 90],
		[89, "U3_19", 2197.5, -762.5, "T", "DIP", "U3_19", "", "C", 60, 60, 36, 180],
		[90, "U3_19", 2197.5, -762.5, "B", "DIP", "U3_19", "", "C", 60, 60, 36, 180],
		[91, "PAD1_1", 250, -1090, "T", "DIP", "+5V", "", "C", 60, 60, 36, 0],
		[92, "PAD1_1", 250, -1090, "B", "DIP", "+5V", "", "C", 60, 60, 36, 0],
		[93, "PAD2_2", 353.35, -1088.5, "T", "DIP", "$1N587", "", "C", 60, 60, 36, 0],
		[94, "PAD2_2", 353.35, -1088.5, "B", "DIP", "$1N587", "", "C", 60, 60, 36, 0],
		[95, "PAD3_3", 1853.34, -1851.49, "T", "DIP", "GND", "GND", "C", 60, 60, 36, 0],
		[96, "PAD3_3", 1853.34, -1851.49, "B", "DIP", "GND", "GND", "C", 60, 60, 36, 0],
		[97, "PAD4_4", 153.35, -1851.49, "T", "DIP", "NET1", "", "C", 60, 60, 36, 0],
		[98, "PAD4_4", 153.35, -1851.49, "B", "DIP", "NET1", "", "C", 60, 60, 36, 0],
		[99, "PAD5_5", 253.35, -1851.49, "T", "DIP", "NET2", "", "C", 60, 60, 36, 0],
		[100, "PAD5_5", 253.35, -1851.49, "B", "DIP", "NET2", "", "C", 60, 60, 36, 0],
		[101, "PAD6_6", 653.35, -1851.49, "T", "DIP", "$1N823", "", "C", 60, 60, 36, 0],
		[102, "PAD6_6", 653.35, -1851.49, "B", "DIP", "$1N823", "", "C", 60, 60, 36, 0],
		[103, "PAD7_7", 753.35, -1851.49, "T", "DIP", "$1N845", "", "C", 60, 60, 36, 0],
		[104, "PAD7_7", 753.35, -1851.49, "B", "DIP", "$1N845", "", "C", 60, 60, 36, 0],
		[105, "PAD8_1", 275, -85, "T", "DIP", "NET5", "", "C", 60, 60, 36, 0],
		[106, "PAD8_1", 275, -85, "B", "DIP", "NET5", "", "C", 60, 60, 36, 0],
		[107, "PAD9_1", 105, -205, "T", "DIP", "NET4", "", "C", 60, 60, 36, 0],
		[108, "PAD9_1", 105, -205, "B", "DIP", "NET4", "", "C", 60, 60, 36, 0],
		[109, "PAD10_2", 285, -315, "T", "DIP", "NET3", "", "C", 60, 60, 36, 0],
		[110, "PAD10_2", 285, -315, "B", "DIP", "NET3", "", "C", 60, 60, 36, 0],
		[111, "PAD11_3", 95, -430, "T", "DIP", "+5V", "", "C", 60, 60, 36, 0],
		[112, "PAD11_3", 95, -430, "B", "DIP", "+5V", "", "C", 60, 60, 36, 0],
		[113, "PAD12_4", 280, -815, "T", "DIP", "NET2", "", "C", 60, 60, 36, 0],
		[114, "PAD12_4", 280, -815, "B", "DIP", "NET2", "", "C", 60, 60, 36, 0],
		[115, "PAD13_5", 285, -540, "T", "DIP", "NET7", "", "C", 60, 60, 36, 0],
		[116, "PAD13_5", 285, -540, "B", "DIP", "NET7", "", "C", 60, 60, 36, 0],
		[117, "PAD14_6", 105, -675, "T", "DIP", "NET1", "", "C", 60, 60, 36, 0],
		[118, "PAD14_6", 105, -675, "B", "DIP", "NET1", "", "C", 60, 60, 36, 0],
		[119, "PAD15_1", 2053.34, -1088.5, "T", "DIP", "NET7", "", "C", 60, 60, 36, 0],
		[120, "PAD15_1", 2053.34, -1088.5, "B", "DIP", "NET7", "", "C", 60, 60, 36, 0],
		[121, "PAD16_1", 353.35, -1851.49, "T", "DIP", "NET7", "", "C", 60, 60, 36, 0],
		[122, "PAD16_1", 353.35, -1851.49, "B", "DIP", "NET7", "", "C", 60, 60, 36, 0]
	]
}
}